epoch,train_loss,train_acc,val_loss,val_acc
1,0.8001075943174738,0.7015437392795884,0.6759497411999731,0.75
