epoch,train_loss,train_acc,val_loss,val_acc
1,0.5071879626342812,0.7753001715265866,0.7608395911032154,0.532258064516129
