epoch,train_loss,train_acc,val_loss,val_acc
1,0.5679670796181694,0.7341337907375644,1.5923416470327685,0.75
