epoch,train_loss,train_acc,val_loss,val_acc
1,0.9501834345109262,0.7084048027444254,4.239089510854213,0.25
