epoch,train_loss,train_acc,val_loss,val_acc
1,0.9021143953652979,0.6826758147512865,0.7434081377521637,0.7903225806451613
