epoch,train_loss,train_acc,val_loss,val_acc
1,0.582429250507371,0.7324185248713551,0.5426973618807331,0.75
