epoch,train_loss,train_acc,val_loss,val_acc
1,0.8576648099855944,0.7084048027444254,0.6108039708868149,0.7419354838709677
