epoch,train_loss,train_acc,val_loss,val_acc
1,0.6219700111737586,0.7204116638078902,0.6725108758095772,0.6532258064516129
