epoch,train_loss,train_acc,val_loss,val_acc
1,0.5168456857956908,0.7684391080617495,0.4475897247752836,0.7741935483870968
