epoch,train_loss,train_acc,val_loss,val_acc
1,0.5922844265276122,0.725557461406518,0.7963270122005094,0.7580645161290323
