epoch,train_loss,train_acc,val_loss,val_acc
1,0.5228575155726837,0.7701543739279588,0.4509621632675971,0.7661290322580645
