epoch,train_loss,train_acc,val_loss,val_acc
1,0.7481408967264316,0.7118353344768439,0.5405296202628843,0.75
