epoch,train_loss,train_acc,val_loss,val_acc
1,0.6736413576283954,0.7186963979416809,0.6607525078279357,0.8064516129032258
