epoch,train_loss,train_acc,val_loss,val_acc
1,0.5133145169369352,0.7684391080617495,0.4377723177594523,0.7661290322580645
