epoch,train_loss,train_acc,val_loss,val_acc
1,0.5190003431477228,0.758147512864494,0.45105814260821187,0.7661290322580645
