epoch,train_loss,train_acc,val_loss,val_acc
1,0.8587646294723857,0.7221269296740995,5.414556184603322,0.75
