epoch,train_loss,train_acc,val_loss,val_acc
1,0.6473284265087154,0.7169811320754716,0.8284477723702308,0.75
