epoch,train_loss,train_acc,val_loss,val_acc
1,0.5315777199346042,0.7598627787307033,0.5021137734574657,0.7580645161290323
