epoch,train_loss,train_acc,val_loss,val_acc
1,0.5194727894474671,0.7564322469982847,0.4758420903836527,0.7661290322580645
