epoch,train_loss,train_acc,val_loss,val_acc
1,0.713573866090889,0.7101200686106347,0.4679729239714722,0.782258064516129
