epoch,train_loss,train_acc,val_loss,val_acc
1,0.5406139477141726,0.7512864493996569,0.6198386602824734,0.75
