epoch,train_loss,train_acc,val_loss,val_acc
1,0.683573784233162,0.7324185248713551,0.5788052307982599,0.7419354838709677
