epoch,train_loss,train_acc,val_loss,val_acc
1,0.5175678669690676,0.7718696397941681,0.46910992168611093,0.7903225806451613
