epoch,train_loss,train_acc,val_loss,val_acc
1,0.8500019680216627,0.6946826758147513,0.6206492637434313,0.75
