epoch,train_loss,train_acc,val_loss,val_acc
1,0.8134112169464497,0.7152658662092625,0.5726719710134691,0.75
