epoch,train_loss,train_acc,val_loss,val_acc
1,0.6653845614368674,0.692967409948542,0.6912973965367963,0.5241935483870968
