epoch,train_loss,train_acc,val_loss,val_acc
1,0.5799463226701138,0.7204116638078902,0.95485618181756,0.75
