epoch,train_loss,train_acc,val_loss,val_acc
1,0.609161065332272,0.7530017152658662,1.0704583890976445,0.75
